name,company,year,kms_driven,fuel_type,Price
Hyundai Santro Xing XO eRLX Euro III,Hyundai,2007,"45,000 kms",Petrol,"80,000"
Mahindra Jeep CL550 MDI,Mahindra,2006,40 kms,Diesel,"4,25,000"
Maruti Suzuki Alto 800 Vxi,Maruti,2018,"22,000 kms",Petrol,Ask For Price
Hyundai Grand i10 Magna 1.2 Kappa VTVT,Hyundai,2014,"28,000 kms",Petrol,"3,25,000"
Ford EcoSport Titanium 1.5L TDCi,Ford,2014,"36,000 kms",Diesel,"5,75,000"
Ford EcoSport Titanium 1.5L TDCi,Ford,2015,"59,000 kms",Diesel,Ask For Price
Ford Figo,Ford,2012,"41,000 kms",Diesel,"1,75,000"
Hyundai Eon,Hyundai,2013,"25,000 kms",Petrol,"1,90,000"
Ford EcoSport Ambiente 1.5L TDCi,Ford,2016,"24,530 kms",Diesel,"8,30,000"
Maruti Suzuki Alto K10 VXi AMT,Maruti,2015,"60,000 kms",Petrol,"2,50,000"
Skoda Fabia Classic 1.2 MPI,Skoda,2010,"60,000 kms",Petrol,"1,82,000"
Maruti Suzuki Stingray VXi,Maruti,2015,"30,000 kms",Petrol,"3,15,000"
Hyundai Elite i20 Magna 1.2,Hyundai,2014,"32,000 kms",Petrol,"4,15,000"
Mahindra Scorpio SLE BS IV,Mahindra,2015,"48,660 kms",Diesel,"3,20,000"
Hyundai Santro Xing XO eRLX Euro III,Hyundai,2007,"45,000 kms",Petrol,"80,000"
Mahindra Jeep CL550 MDI,Mahindra,2006,40 kms,Diesel,"4,25,000"
Audi A8,Audi,2017,"4,000 kms",Petrol,"10,00,000"
Audi Q7,Audi,2014,"16,934 kms",Diesel,"5,00,000"
Mahindra Scorpio S10,Mahindra,2016,"43,000 kms",Diesel,"3,50,000"
Maruti Suzuki Alto 800,Maruti,2014,"35,550 kms",Petrol,"1,60,000"
Mahindra Scorpio S10,Mahindra,2016,"43,000 kms",Diesel,"3,50,000"
Mahindra Scorpio S10,Mahindra,2016,"39,522 kms",Diesel,"3,10,000"
Maruti Suzuki Alto 800 Vxi,Maruti,2015,"39,000 kms",Petrol,"75,000"
Hyundai i20 Sportz 1.2,Hyundai,2012,"55,000 kms",Petrol,"1,00,000"
Hyundai i20 Sportz 1.2,Hyundai,2012,"55,000 kms",Petrol,"1,00,000"
Hyundai i20 Sportz 1.2,Hyundai,2012,"55,000 kms",Petrol,"1,00,000"
Maruti Suzuki Alto 800 Lx,Maruti,2017,"72,000 kms",Petrol,"1,90,000"
Maruti Suzuki Vitara Brezza ZDi,Maruti,2016,"15,975 kms",Diesel,"2,90,000"
Maruti Suzuki Alto LX,Maruti,2008,"70,000 kms",Petrol,"95,000"
Mahindra Bolero DI,Mahindra,2017,"23,452 kms",Diesel,"1,80,000"
Maruti Suzuki Swift Dzire ZDi,Maruti,2014,"35,522 kms",Diesel,"3,85,000"
Mahindra Scorpio S10 4WD,Mahindra,2015,"48,508 kms",Diesel,"2,50,000"
Maruti Suzuki Swift Vdi BSIII,Maruti,2017,"15,487 kms",Petrol,"1,80,000"
Maruti Suzuki Wagon R VXi BS III,Maruti,2013,"39,000 kms",Petrol,"1,05,000"
Maruti Suzuki Wagon R VXi Minor,Maruti,2013,"39,000 kms",Petrol,"1,05,000"
Toyota Innova 2.0 G 8 STR BS IV,Toyota,2012,"82,000 kms",Diesel,"6,50,000"
Renault Lodgy 85 PS RXL,Renault,2018,"20,000 kms",Diesel,"6,89,999"
Skoda Yeti Ambition 2.0 TDI CR 4x2,Skoda,2012,"68,000 kms",Diesel,"4,48,000"
Maruti Suzuki Baleno Delta 1.2,Maruti,2017,"32,000 kms",Diesel,"5,49,000"
Renault Duster 110 PS RxZ Diesel Plus,Renault,2012,"38,000 kms",Diesel,"5,01,000"
Renault Duster 85 PS RxE Diesel,Renault,2013,"27,000 kms",Diesel,"4,89,999"
Honda City 1.5 S MT,Honda,2011,"33,000 kms",Petrol,"2,80,000"
Maruti Suzuki Alto K10 VXi AMT,Maruti,2015,"60,000 kms",Petrol,"2,50,000"
Maruti Suzuki Dzire,Maruti,2013,"46,000 kms",Diesel,"3,49,999"
Honda Amaze,Honda,2013,"46,000 kms",Diesel,"2,84,999"
Honda Amaze 1.5 SX i DTEC,Honda,2015,"36,000 kms",Diesel,"3,45,000"
Honda City,Honda,2015,"55,000 kms",Petrol,"4,99,999"
Datsun Redi GO S,Datsun,2017,"16,000 kms",Petrol,"2,35,000"
Maruti Suzuki SX4 ZXI MT,Maruti,2010,"36,000 kms",Petrol,"2,49,999"
Mitsubishi Pajero Sport Limited Edition,Mitsubishi,2015,"47,000 kms",Diesel,"14,75,000"
Mahindra Bolero DI,Mahindra,2017,"23,452 kms",Diesel,"1,80,000"
Maruti Suzuki Swift Dzire ZDi,Maruti,2014,"35,522 kms",Diesel,"3,85,000"
Mahindra Scorpio S10 4WD,Mahindra,2015,"48,508 kms",Diesel,"2,50,000"
Maruti Suzuki Swift Vdi BSIII,Maruti,2017,"15,487 kms",Petrol,"1,80,000"
Maruti Suzuki Wagon R VXi BS III,Maruti,2013,"39,000 kms",Petrol,"1,05,000"
Maruti Suzuki Wagon R VXi Minor,Maruti,2013,"39,000 kms",Petrol,"1,05,000"
Mahindra Scorpio S10,Mahindra,2015,"35,000 kms",Diesel,"3,95,000"
Maruti Suzuki Swift VXi 1.2 ABS BS IV,Maruti,2017,"30,874 kms",Petrol,"2,20,000"
Honda City ZX CVT,Honda,2017,"15,000 kms",Diesel,"1,70,000"
Maruti Suzuki Wagon R LX BS IV,Maruti,2013,"29,685 kms",Petrol,"85,000"
Ford Figo,Ford,2012,"41,000 kms",Diesel,"1,75,000"
Hyundai Eon,Hyundai,2013,"25,000 kms",Petrol,"1,90,000"
Tata Indigo eCS LS CR4 BS IV,Tata,2017,"1,30,000 kms",Diesel,"2,00,000"
Ford EcoSport Ambiente 1.5L TDCi,Ford,2016,"24,530 kms",Diesel,"8,30,000"
Tata Indigo eCS LS CR4 BS IV,Tata,2017,"1,30,000 kms",Diesel,"2,00,000"
Mahindra Scorpio SLE BS IV,Mahindra,2012,"19,000 kms",Diesel,"5,70,000"
Volkswagen Polo Highline Exquisite P,Volkswagen,2014,"60,000 kms",Petrol,"3,15,000"
Skoda Fabia Classic 1.2 MPI,Skoda,2010,"60,000 kms",Petrol,"1,82,000"
Maruti Suzuki Stingray VXi,Maruti,2015,"30,000 kms",Petrol,"3,15,000"
I want to sell my car Tata Zest,I,2017,,,Ask For Price
Chevrolet Spark LS 1.0,Chevrolet,2010,"41,000 kms",Petrol,"1,10,000"
Renault Duster 110PS Diesel RxZ,Renault,2012,"35,000 kms",Diesel,"5,01,000"
Honda City,Honda,2015,"54,000 kms",Petrol,"4,48,999"
Mini Cooper S 1.6,Mini,2013,"13,000 kms",Petrol,"18,91,111"
Datsun Redi GO S,Datsun,2017,"16,000 kms",Petrol,"2,35,000"
Skoda Fabia 1.2L Diesel Ambiente,Skoda,2011,"38,200 kms",Diesel,"1,59,500"
Honda Amaze,Honda,2015,"22,000 kms",Petrol,"3,44,999"
Honda Amaze,Honda,2015,"22,000 kms",Petrol,"3,44,999"
Renault Duster,Renault,2014,"50,000 kms",Diesel,"4,49,999"
Mini Cooper S 1.6,Mini,2013,"13,500 kms",Petrol,"18,91,111"
Mahindra Scorpio S4,Mahindra,2015,"30,000 kms",Diesel,"8,65,000"
Mahindra Scorpio VLX 2WD BS IV,Mahindra,2014,"50,000 kms",Diesel,"6,99,000"
Mahindra Quanto C8,Mahindra,2013,"20,000 kms",Diesel,"3,75,000"
Ford EcoSport,Ford,2017,"39,000 kms",Petrol,"4,89,999"
Honda Brio,Honda,2012,"30,000 kms",Petrol,"2,24,999"
I want to sell my car Tata Zest,I,2017,,,Ask For Price
Volkswagen Vento Highline Plus 1.5 Diesel AT,Volkswagen,2019,"3,600 kms",Diesel,"12,00,000"
Hyundai i20 Magna,Hyundai,2009,"32,000 kms",Petrol,"1,95,000"
Toyota Corolla Altis Diesel D4DG,Toyota,2010,"38,000 kms",Diesel,"3,51,000"
Hyundai Verna Transform SX VTVT,Hyundai,2008,"45,000 kms",Petrol,"1,60,000"
Toyota Corolla Altis Petrol Ltd,Toyota,2009,"35,000 kms",Petrol,"2,40,000"
Honda City 1.5 EXi New,Honda,2005,"50,000 kms",Petrol,"90,000"
Hyundai Elite i20 Magna 1.2,Hyundai,2014,"32,000 kms",Petrol,"4,15,000"
Skoda Fabia 1.2L Diesel Elegance,Skoda,2011,"45,863 kms",Diesel,"1,55,000"
BMW 3 Series 320i,BMW,2011,"60,500 kms",Petrol,"6,00,000"
Maruti Suzuki A Star Lxi,Maruti,2011,"12,500 kms",Petrol,"1,89,500"
Toyota Etios GD,Toyota,2013,"60,000 kms",Diesel,"3,50,000"
Ford Figo Diesel EXI Option,Ford,2012,"35,000 kms",Diesel,"2,10,000"
Maruti Suzuki Swift Dzire VXi 1.2 BS IV,Maruti,2014,"35,000 kms",Petrol,"3,90,000"
Chevrolet Beat LT Diesel,Chevrolet,2012,"45,000 kms",Diesel,"1,35,000"
BMW 7 Series 740Li Sedan,BMW,2009,"35,000 kms",Petrol,"16,00,000"
Mahindra XUV500 W8 AWD 2013,Mahindra,2013,"38,000 kms",Diesel,"7,01,000"
Hyundai i10 Magna 1.2,Hyundai,2014,"18,000 kms",Petrol,"2,65,000"
Hyundai Verna Fluidic New,Hyundai,2015,"35,000 kms",Diesel,"5,25,000"
Maruti Suzuki Swift VXi 1.2 BS IV,Maruti,2013,"13,349 kms",Petrol,"3,72,000"
Maruti Suzuki Ertiga ZXI Plus,Maruti,2016,"29,000 kms",Petrol,"6,35,000"
Ford EcoSport Titanium 1.5L TDCi,Ford,2014,"44,000 kms",Diesel,"5,50,000"
Maruti Suzuki Ertiga Vxi,Maruti,2016,"29,000 kms",Petrol,"5,75,000"
Maruti Suzuki Ertiga VDi,Maruti,2013,"42,000 kms",Diesel,"4,85,000"
Maruti Suzuki Alto LXi BS III,Maruti,2012,"14,000 kms",Petrol,"1,55,000"
Hyundai Grand i10 Asta 1.1 CRDi,Hyundai,2014,"49,000 kms",Diesel,"3,45,000"
Honda Amaze 1.2 S i VTEC,Honda,2014,"42,000 kms",Petrol,"3,25,000"
Hyundai i20 Asta 1.4 CRDI 6 Speed,Hyundai,2012,"36,200 kms",Diesel,"3,29,500"
Ford Figo Diesel EXI,Ford,2014,"50,000 kms",Diesel,"1,95,000"
Maruti Suzuki Eeco 5 STR WITH AC HTR,Maruti,2015,"55,000 kms",Petrol,"2,51,111"
Maruti Suzuki Ertiga ZXi,Maruti,2014,"45,000 kms",Petrol,"5,69,999"
Maruti Suzuki Esteem LXi BS III,Maruti,2007,"51,000 kms",Petrol,"69,999"
Maruti Suzuki Ritz VXI,Maruti,2014,"19,000 kms",Petrol,"2,99,999"
Maruti Suzuki Dzire,Maruti,2009,"46,000 kms",Petrol,"2,20,000"
Maruti Suzuki Ritz LDi,Maruti,2013,"33,000 kms",Diesel,"3,99,999"
Maruti Suzuki Swift VXi 1.2 BS IV,Maruti,2013,"13,349 kms",Petrol,"3,72,000"
Maruti Suzuki Dzire VDI,Maruti,2015,"1,04,000 kms",Diesel,"4,50,000"
Toyota Etios Liva G,Toyota,2014,"55,000 kms",Petrol,"2,70,000"
Hyundai i20 Sportz 1.4 CRDI,Hyundai,2011,"33,333 kms",Diesel,"3,50,000"
Chevrolet Spark,Chevrolet,2012,"33,600 kms",Petrol,"1,58,400"
Maruti Suzuki Alto K10 VXi AMT,Maruti,2017,"5,600 kms",Petrol,"3,50,000"
Nissan Micra XV,Nissan,2011,"41,000 kms",Petrol,"1,79,000"
Maruti Suzuki Swift,Maruti,2007,"70,000 kms",Petrol,"1,25,000"
Maruti Suzuki Alto 800,Maruti,2018,"7,500 kms",Petrol,"2,00,000"
Honda Amaze 1.5 S i DTEC,Honda,2013,"45,000 kms",Diesel,"2,99,000"
Maruti Suzuki Alto 800 Vxi,Maruti,2015,"38,000 kms",Petrol,"2,20,000"
Chevrolet Beat,Chevrolet,2015,"30,000 kms",Petrol,"1,50,000"
Toyota Corolla,Toyota,2009,"26,000 kms",,"2,75,000"
Honda City 1.5 V MT,Honda,2010,"35,000 kms",Petrol,"2,85,000"
Ford EcoSport Trend 1.5L TDCi,Ford,2016,"24,330 kms",Diesel,"8,30,000"
Hyundai i20 Asta 1.2,Hyundai,2009,"65,480 kms",Petrol,"2,10,000"
Maruti Suzuki Swift Dzire VXi 1.2 BS IV,Maruti,2013,"41,000 kms",Petrol,"3,40,000"
Tata Indica V2 eLS,Tata,2006,"20,000 kms",Petrol,"90,000"
Maruti Suzuki Alto 800 Lxi,Maruti,2018,"28,028 kms",Petrol,Ask For Price
Hindustan Motors Ambassador,Hindustan,2000,"2,00,000 kms",Diesel,"70,000"
Toyota Corolla Altis 1.8 GL,Toyota,2010,"70,000 kms",Petrol,"2,89,999"
Toyota Corolla Altis 1.8 J,Toyota,2012,"59,000 kms",Petrol,"3,49,999"
Toyota Innova 2.5 GX BS IV 7 STR,Toyota,2012,"99,000 kms",Diesel,"8,49,999"
Volkswagen Jetta Highline TDI AT,Volkswagen,2014,"46,000 kms",Diesel,"7,49,999"
Volkswagen Polo Comfortline 1.2L P,Volkswagen,2015,"2,800 kms",Petrol,"3,99,999"
Volkswagen Polo,Volkswagen,2014,"32,000 kms",Petrol,"2,74,999"
Mahindra Scorpio,Mahindra,2015,"22,000 kms",Diesel,"9,84,999"
Renault Duster,Renault,2014,"50,000 kms",Diesel,"4,49,999"
Honda Amaze,Honda,2015,"22,000 kms",Petrol,"3,44,999"
Nissan Sunny,Nissan,2012,"45,000 kms",Petrol,"2,24,999"
Hyundai Elite i20,Hyundai,2018,"21,000 kms",Petrol,"5,99,999"
Renault Kwid,Renault,2016,"11,000 kms",Petrol,"2,44,999"
Renault Duster,Renault,2013,"41,000 kms",Diesel,"3,99,999"
Ford EcoSport,Ford,2017,"39,000 kms",Petrol,"4,89,999"
Renault Duster,Renault,2014,"50,000 kms",Diesel,"4,74,999"
Mahindra Scorpio VLX Airbag,Mahindra,2011,"66,000 kms",Diesel,"4,99,999"
Maruti Suzuki Alto 800 Lxi,Maruti,2018,"3,000 kms",Petrol,"3,10,000"
Chevrolet Spark LT 1.0,Chevrolet,2010,"45,000 kms",Petrol,"85,000"
Datsun Redi GO T O,Datsun,2016,"7,000 kms",Petrol,"2,45,000"
Maruti Suzuki Swift RS VDI,Maruti,2010,"38,500 kms",Diesel,"1,89,500"
Fiat Punto Emotion 1.2,Fiat,2012,"37,200 kms",Diesel,"1,69,500"
Maruti Suzuki Swift RS VDI,Maruti,2010,"43,200 kms",Diesel,"1,59,500"
Toyota Etios GD,Toyota,2013,"24,800 kms",Petrol,"2,75,000"
Hyundai i20 Sportz 1.4 CRDI,Hyundai,2014,"60,000 kms",Diesel,"3,70,000"
Hyundai i10 Sportz 1.2,Hyundai,2010,"45,872 kms",Petrol,"1,68,000"
Chevrolet Beat LT Opt Diesel,Chevrolet,2011,"40,000 kms",Diesel,"1,50,000"
Chevrolet Beat LS Diesel,Chevrolet,2011,"45,000 kms",Diesel,"1,45,000"
Chevrolet Beat LT Diesel,Chevrolet,2012,"38,000 kms",Diesel,"98,500"
Mahindra Scorpio VLX 2WD BS IV,Mahindra,2014,"50,000 kms",Diesel,"6,99,000"
Tata Indigo CS,Tata,2011,"11,400 kms",Diesel,"85,000"
Toyota Corolla Altis 1.8 J,Toyota,2015,"42,000 kms",Petrol,"5,75,000"
Honda City 1.5 V MT,Honda,2014,"39,000 kms",Petrol,"5,49,000"
Maruti Suzuki Swift VDi,Maruti,2011,"47,000 kms",Diesel,"2,09,000"
Hyundai Eon Era Plus,Hyundai,2013,"27,000 kms",Petrol,"1,85,000"
Mahindra Scorpio S10,Mahindra,2015,"97,200 kms",Diesel,"9,00,000"
Mahindra XUV500,Mahindra,2014,"52,000 kms",Diesel,"6,99,999"
Honda Brio,Honda,2012,"30,000 kms",Petrol,"2,24,999"
Ford Fiesta,Ford,2011,"55,000 kms",Diesel,"2,74,999"
Honda Amaze,Honda,2013,"46,000 kms",Diesel,"2,84,999"
Honda City,Honda,2015,"30,000 kms",Diesel,"5,99,999"
Maruti Suzuki Wagon R,Maruti,2012,"44,000 kms",Petrol,"1,99,999"
Honda City,Honda,2014,"45,000 kms",Diesel,"5,44,999"
Hyundai i20,Hyundai,2009,"31,000 kms",Petrol,"1,99,000"
Tata Indigo eCS LX TDI BS III,Tata,2016,"1,75,430 kms",Diesel,"3,20,000"
Hyundai Fluidic Verna 1.6 CRDi SX,Hyundai,2015,"38,000 kms",Diesel,"5,40,000"
"Commercial , DZire LDI, 2016, for sale",Commercial,...,,,Ask For Price
Mahindra Quanto C8,Mahindra,2013,"37,000 kms",Diesel,"3,40,000"
Fiat Petra ELX 1.2 PS,Fiat,2008,"65,000 kms",Petrol,"75,000"
Skoda Fabia 1.2L Diesel Ambiente,Skoda,2011,"38,200 kms",Diesel,"1,59,500"
Mini Cooper S 1.6,Mini,2013,"13,000 kms",Petrol,"18,91,111"
Hyundai Santro Xing XS,Hyundai,2005,"7,500 kms",Petrol,"49,000"
Maruti Suzuki Ciaz VXi Plus,Maruti,2016,"3,350 kms",Petrol,"7,00,000"
Maruti Suzuki Zen VX,Maruti,2000,"60,000 kms",Petrol,"55,000"
Honda City,Honda,2015,"54,000 kms",Petrol,"4,48,999"
Hyundai Creta 1.6 SX Plus Petrol,Hyundai,2017,"32,000 kms",Petrol,"8,95,000"
"Tata indigo ecs LX, 201",Tata,150k,,,"1,50,000"
Mahindra Scorpio SLX,Mahindra,2007,"75,000 kms",Diesel,"3,55,000"
Mahindra Scorpio SLE BS IV,Mahindra,2012,"62,000 kms",Diesel,"5,65,000"
Toyota Innova 2.5 G BS III 8 STR,Toyota,2006,"73,000 kms",Diesel,"3,65,000"
Maruti Suzuki Alto K10 VXi AMT,Maruti,2011,"41,000 kms",Petrol,"1,45,000"
Maruti Suzuki Wagon R LXI BS IV,Maruti,2011,"35,000 kms",Petrol,"2,10,000"
Tata Nano Cx BSIV,Tata,2013,"2,200 kms",Petrol,"40,000"
Maruti Suzuki Alto Std BS IV,Maruti,2013,"39,000 kms",Petrol,"1,25,000"
Maruti Suzuki Wagon R LXi BS III,Maruti,2009,"45,000 kms",Petrol,"1,35,000"
Maruti Suzuki Swift VXI BSIII,Maruti,2006,"45,000 kms",Petrol,"1,35,000"
Tata Sumo Victa EX 10 by 7 Str BSIII,Tata,2012,"65,000 kms",Diesel,"2,85,000"
MARUTI SUZUKI DESI,MARUTI,TOUR,,,"4,00,000"
Maruti Suzuki Wagon R LXi BS III,Maruti,2010,"54,870 kms",Petrol,"1,45,000"
Maruti Suzuki Alto LXi BS III,Maruti,2010,"34,580 kms",Petrol,"1,35,000"
Volkswagen Passat Diesel Comfortline AT,Volkswagen,2009,"97,000 kms",Diesel,"4,50,000"
Renault Scala RxL Diesel Travelogue,Renault,2015,"25,000 kms",Diesel,"3,75,000"
Mahindra Quanto C8,Mahindra,2013,"20,000 kms",Diesel,"3,75,000"
Hyundai Grand i10 Sportz O 1.2 Kappa VTVT,Hyundai,2014,"20,000 kms",Petrol,"3,65,000"
Hyundai i20 Active 1.2 SX,Hyundai,2015,"18,000 kms",Petrol,"5,00,000"
Mahindra Xylo E4,Mahindra,2012,"35,000 kms",Diesel,"4,00,000"
Mahindra Jeep MM 550 XDB,Mahindra,2019,60 kms,Diesel,"3,90,000"
Renault Duster 110PS Diesel RxZ,Renault,2012,"35,000 kms",Diesel,"5,01,000"
Mahindra Bolero SLE BS IV,Mahindra,2013,"80,200 kms",Diesel,"3,30,000"
Force Motors Force One LX ABS 7 STR,Force,2015,"3,200 kms",Diesel,"5,80,000"
Maruti Suzuki SX4,Maruti,2012,"46,000 kms",Diesel,"2,65,000"
Mahindra Jeep CL550 MDI,Mahindra,2019,"0,000 kms",Diesel,"3,79,000"
Maruti Suzuki Alto 800,Maruti,2015,"5,000 kms",Petrol,"2,19,000"
Mahindra Jeep CL550 MDI,Mahindra,2018,588 kms,Diesel,"3,85,000"
Toyota Etios,Toyota,2011,"36,000 kms",Diesel,"2,75,000"
Volkswagen Polo,Volkswagen,2015,"38,000 kms",Diesel,"3,30,000"
Honda City ZX VTEC,Honda,2008,"45,000 kms",Petrol,"1,10,000"
Maruti Suzuki Wagon R LX BS III,Maruti,2006,"71,200 kms",Petrol,"80,000"
Honda City VX O MT Diesel,Honda,2016,"52,000 kms",Diesel,"5,19,000"
Mahindra Thar CRDe 4x4 AC,Mahindra,2016,"29,000 kms",Diesel,"7,30,000"
Mitsubishi Pajero Sport Limited Edition,Mitsubishi,2015,"47,000 kms",Diesel,"14,75,000"
Audi A4 1.8 TFSI Multitronic Premium Plus,Audi,2009,"47,000 kms",Petrol,"6,99,000"
Mercedes Benz GLA Class 200 CDI Sport,Mercedes,2015,"20,000 kms",Diesel,"20,00,000"
Land Rover Freelander 2 SE,Land,2015,"30,000 kms",Diesel,"21,00,000"
Renault Kwid RXT,Renault,2017,"5,000 kms",Petrol,"3,40,000"
Tata Aria Pleasure 4X2,Tata,2014,"35,000 kms",Diesel,"3,90,000"
Mercedes Benz B Class B180 Sports,Mercedes,2014,"31,000 kms",Petrol,"14,00,000"
Datsun GO T O,Datsun,2016,"7,000 kms",Petrol,"2,45,000"
Tata Indigo eCS LX TDI BS III,Tata,2016,"1,75,430 kms",Diesel,"3,20,000"
Tata Indigo eCS LX TDI BS III,Tata,2016,"1,75,400 kms",Diesel,"3,20,000"
Honda Jazz VX MT,Honda,2016,"41,000 kms",Petrol,"4,50,000"
Honda Amaze 1.2 S i VTEC,Honda,2014,"33,000 kms",Petrol,"3,11,000"
Honda Amaze,Honda,2013,"46,000 kms",Diesel,"2,84,999"
Honda City,Honda,2012,"45,000 kms",Petrol,"3,99,999"
Honda City,Honda,2015,"39,000 kms",Diesel,"5,99,999"
Honda Amaze,Honda,2015,"22,000 kms",Petrol,"3,44,999"
Audi A4 1.8 TFSI Multitronic Premium Plus,Audi,2009,"47,000 kms",Petrol,"6,99,000"
Force Motors Force One LX ABS 7 STR,Force,2015,"3,200 kms",Diesel,"5,80,000"
Mahindra Scorpio S4,Mahindra,2015,"30,000 kms",Diesel,"8,55,000"
Hyundai i20 Active 1.4L SX O,Hyundai,2015,"37,000 kms",Diesel,"5,35,000"
Mini Cooper S,Mini,2013,"13,000 kms",Petrol,"18,91,111"
Maruti Suzuki Ciaz ZXI Plus,Maruti,2017,"14,000 kms",Petrol,"6,99,000"
Chevrolet Tavera Neo,Chevrolet,2013,"55,000 kms",Diesel,"3,75,000"
Honda Amaze,Honda,2013,"46,000 kms",Diesel,"2,84,999"
Hyundai Eon Sportz,Hyundai,2012,"30,000 kms",Petrol,"1,78,000"
Tata Sumo Gold Select Variant,Tata,2013,"50,000 kms",Diesel,"3,00,000"
Maruti Suzuki Wagon R 1.0,Maruti,2003,"45,000 kms",Petrol,"90,000"
Maruti Suzuki Esteem VXi BS III,Maruti,2006,"45,000 kms",Petrol,"95,000"
Maruti Suzuki Eeco 5 STR WITH AC HTR,Maruti,2015,"9,300 kms",Petrol,"2,55,000"
Chevrolet Enjoy 1.4 LS 8 STR,Chevrolet,2013,"55,000 kms",Diesel,"2,45,000"
Hyundai i20 Asta 1.4 CRDI 6 Speed,Hyundai,2012,"36,200 kms",Diesel,"3,29,500"
Ford Figo Diesel EXI,Ford,2014,"50,000 kms",Diesel,"1,95,000"
Maruti Suzuki Eeco 5 STR WITH AC HTR,Maruti,2015,"55,000 kms",Petrol,"2,51,111"
Maruti Suzuki Ertiga ZXi,Maruti,2014,"45,000 kms",Petrol,"5,69,999"
Maruti Suzuki Esteem LXi BS III,Maruti,2007,"51,000 kms",Petrol,"69,999"
Maruti Suzuki Ritz VXI,Maruti,2014,"19,000 kms",Petrol,"2,99,999"
Maruti Suzuki Dzire,Maruti,2009,"46,000 kms",Petrol,"2,20,000"
Maruti Suzuki Ritz LDi,Maruti,2013,"33,000 kms",Diesel,"3,99,999"
Maruti Suzuki SX4 ZXI MT,Maruti,2010,"36,000 kms",Petrol,"2,49,999"
Maruti Suzuki Wagon R 1.0 VXi,Maruti,2015,"22,000 kms",Petrol,"2,89,999"
Mini Cooper S 1.6,Mini,2013,"13,500 kms",Petrol,"18,91,111"
Nissan Terrano XL D Plus,Nissan,2015,"60,000 kms",Diesel,"4,99,999"
Renault Duster 85 PS RxE Diesel,Renault,2013,"27,000 kms",Diesel,"4,89,999"
Renault Duster 85 PS RxE Diesel,Renault,2014,"59,000 kms",Diesel,"4,89,999"
Renault Duster 85 PS RxL Diesel,Renault,2015,"19,000 kms",Diesel,"5,49,999"
Maruti Suzuki Dzire ZXI,Maruti,2013,"30,000 kms",Petrol,"3,80,000"
Renault Kwid RXT Opt,Renault,2018,"15,000 kms",Petrol,"3,25,000"
Maruti Suzuki Maruti 800 Std,Maruti,2003,"56,758 kms",Petrol,"57,000"
Renault Kwid 1.0 RXT AMT,Renault,2018,"10,000 kms",Petrol,"3,49,999"
Renault Lodgy 85 PS RXL,Renault,2018,"20,000 kms",Diesel,"6,89,999"
Renault Scala RxL Diesel,Renault,2014,"49,000 kms",Diesel,"3,49,999"
Hyundai Grand i10 Asta 1.2 Kappa VTVT O,Hyundai,2014,"41,000 kms",Petrol,"4,10,000"
Maruti Suzuki Swift Dzire VXi 1.2 BS IV,Maruti,2011,"45,000 kms",Petrol,"2,25,000"
Chevrolet Beat LS Petrol,Chevrolet,2010,"43,000 kms",Petrol,"1,20,000"
Tata Indigo eCS LX TDI BS III,Tata,2016,"1,75,430 kms",Diesel,"3,20,000"
Hyundai Santro Xing XO eRLX Euro III,Hyundai,2000,"56,450 kms",Petrol,"59,000"
Hyundai Fluidic Verna 1.6 CRDi SX,Hyundai,2015,"38,000 kms",Diesel,"5,40,000"
"Commercial , DZire LDI, 2016, for sale",Commercial,...,,,Ask For Price
Chevrolet Beat LS Petrol,Chevrolet,2010,"56,000 kms",Petrol,"80,000"
Mahindra Quanto C8,Mahindra,2013,"37,000 kms",Diesel,"3,40,000"
Fiat Petra ELX 1.2 PS,Fiat,2008,"65,000 kms",Petrol,"75,000"
Chevrolet Beat LS Petrol,Chevrolet,2015,"32,700 kms",Petrol,"2,20,000"
Skoda Fabia 1.2L Diesel Ambiente,Skoda,2011,"38,200 kms",Diesel,"1,59,500"
Ford EcoSport Titanium 1.5L TDCi,Ford,2016,"30,000 kms",Diesel,"5,99,000"
Hyundai Accent GLX,Hyundai,2006,"56,000 kms",Petrol,"80,000"
Yama,Yamaha,r 15,,,"55,000"
Maruti Suzuki Swift LDi,Maruti,2010,"52,000 kms",Diesel,Ask For Price
Mahindra TUV300 T4 Plus,Mahindra,2016,"9,000 kms",Diesel,"6,75,000"
Mini Cooper S 1.6,Mini,2013,"13,000 kms",Petrol,"18,91,111"
Mini Cooper S 1.6,Mini,2013,"13,000 kms",Petrol,"18,91,111"
Tata Indica V2 Xeta e GLE,Tata,2008,"11,000 kms",Petrol,"1,50,000"
Mini Cooper S,Mini,2013,"13,000 kms",Petrol,"18,91,111"
Tata Indigo CS LS DiCOR,Tata,2009,"46,000 kms",Diesel,"72,500"
Maruti Suzuki Swift VXi 1.2 ABS BS IV,Maruti,2019,73 kms,Petrol,"6,10,000"
Mahindra Scorpio VLX Special Edition BS III,Mahindra,2004,"1,60,000 kms",Diesel,"2,30,000"
Tata Indica eV2 LS,Tata,2017,"84,000 kms",Diesel,Ask For Price
Honda Accord,Honda,2009,"58,559 kms",Petrol,"1,75,000"
Mahindra Scorpio S4,Mahindra,2015,"30,000 kms",Diesel,"8,55,000"
Chevrolet Tavera Neo,Chevrolet,2013,"55,000 kms",Diesel,"3,75,000"
Ford EcoSport Titanium 1.5 TDCi,Ford,2014,"57,000 kms",Diesel,"5,20,000"
Maruti Suzuki Ertiga,Maruti,2015,"50,000 kms",Diesel,"5,24,999"
Honda Amaze,Honda,2014,"37,000 kms",Petrol,"2,99,999"
Maruti Suzuki Dzire,Maruti,2012,"40,000 kms",Petrol,"2,99,999"
Honda City,Honda,2011,"55,000 kms",Petrol,"2,84,999"
Mahindra Scorpio 2.6 CRDe,Mahindra,2007,"1,70,000 kms",Diesel,"2,20,000"
Maruti Suzuki Dzire,Maruti,2014,"55,000 kms",Diesel,"4,24,999"
Honda City,Honda,2015,"39,000 kms",Petrol,"6,44,999"
Honda Mobilio,Honda,2014,"44,000 kms",Petrol,"3,99,999"
Toyota Corolla Altis,Toyota,2009,"65,000 kms",Petrol,"1,99,999"
Honda City,Honda,2014,"39,000 kms",Petrol,"5,84,999"
Skoda Laura,Skoda,2012,"44,000 kms",Diesel,"3,49,999"
Renault Duster,Renault,2015,"49,000 kms",Diesel,"4,49,999"
Maruti Suzuki Ertiga,Maruti,2018,"9,000 kms",Diesel,"7,99,999"
Maruti Suzuki Dzire,Maruti,2015,"45,000 kms",Diesel,"4,44,999"
Mahindra XUV500,Mahindra,2014,"47,000 kms",Diesel,"6,49,999"
Hyundai Verna Fluidic,Hyundai,2012,"40,000 kms",Diesel,"4,44,999"
Maruti Suzuki Vitara Brezza,Maruti,2016,"29,000 kms",Diesel,"6,89,999"
Maruti Suzuki Wagon R,Maruti,2016,"15,000 kms",Petrol,"3,44,999"
Mahindra Scorpio,Mahindra,2015,"45,000 kms",Diesel,"9,44,999"
Honda Amaze,Honda,2014,"35,000 kms",Petrol,"2,74,999"
Mahindra XUV500,Mahindra,2013,"80,000 kms",Diesel,"6,89,999"
Mahindra Scorpio,Mahindra,2013,"68,000 kms",Diesel,"5,74,999"
Skoda Laura,Skoda,2013,"50,000 kms",Diesel,"3,74,999"
Volkswagen Polo,Volkswagen,2010,"60,000 kms",Diesel,"1,99,999"
Hyundai Elite i20,Hyundai,2016,"9,000 kms",Petrol,"5,49,999"
Tata Manza Aura Quadrajet,Tata,2012,"72,000 kms",Diesel,"1,30,000"
Chevrolet Sail UVA Petrol LT ABS,Chevrolet,2013,"60,000 kms",Petrol,"2,10,000"
Renault Duster 110 PS RxZ Diesel Plus,Renault,2012,"38,000 kms",Diesel,"5,01,000"
Hyundai Verna Fluidic 1.6 VTVT SX,Hyundai,2013,"45,000 kms",Diesel,"4,01,000"
Audi A4 2.0 TDI 177bhp Premium,Audi,2012,"40,000 kms",Diesel,"13,50,000"
Hyundai Elantra SX,Hyundai,2013,"20,000 kms",Petrol,"6,00,000"
Mahindra Scorpio VLX 4WD Airbag,Mahindra,2013,"35,000 kms",Diesel,"6,10,000"
Mahindra KUV100 K8 D 6 STR,Mahindra,2016,"20,000 kms",Diesel,"4,00,000"
Renault Scala RxL Diesel Travelogue,Renault,2015,"25,000 kms",Diesel,"3,75,000"
Mahindra Quanto C8,Mahindra,2013,"20,000 kms",Diesel,"3,75,000"
Hyundai Grand i10 Sportz O 1.2 Kappa VTVT,Hyundai,2014,"20,000 kms",Petrol,"3,65,000"
Hyundai i20 Active 1.2 SX,Hyundai,2015,"18,000 kms",Petrol,"5,00,000"
Mahindra Xylo E4,Mahindra,2012,"35,000 kms",Diesel,"4,00,000"
Hyundai Grand i10,Hyundai,2017,"6,821 kms",Petrol,"5,24,999"
Hyundai i20,Hyundai,2014,"23,000 kms",Petrol,"4,49,999"
Hyundai Eon,Hyundai,2014,"14,000 kms",Petrol,"1,74,999"
Hyundai i10,Hyundai,2012,"38,000 kms",Petrol,"2,44,999"
Hyundai i20 Active,Hyundai,2015,"35,000 kms",Diesel,"5,74,999"
Datsun Redi GO,Datsun,2017,"22,000 kms",Petrol,"2,44,999"
Toyota Etios Liva,Toyota,2011,"41,000 kms",Petrol,"2,39,999"
Hyundai Accent,Hyundai,2010,"45,000 kms",Petrol,"99,999"
Hyundai Verna,Hyundai,2014,"44,000 kms",Diesel,"4,89,999"
Maruti Suzuki Swift,Maruti,2013,"45,000 kms",Diesel,"3,24,999"
Toyota Fortuner,Toyota,2011,"52,000 kms",Diesel,"10,74,999"
Hyundai i10 Sportz,Hyundai,2012,"34,000 kms",Petrol,"2,30,000"
Mahindra Bolero Power Plus SLE,Mahindra,2018,"1,800 kms",Diesel,"6,99,000"
selling car Ta,selling,Zest,,,Ask For Price
Mahindra XUV500,Mahindra,2015,"15,000 kms",Diesel,"10,00,000"
Honda City 1.5 V MT Exclusive,Honda,2010,"4,00,000 kms",Petrol,"2,40,000"
Chevrolet Spark LT 1.0 Airbag,Chevrolet,2009,"44,000 kms",Petrol,"1,10,000"
Mahindra Jeep MM 550 XDB,Mahindra,2019,60 kms,Diesel,"3,90,000"
Renault Duster 110PS Diesel RxZ,Renault,2012,"35,000 kms",Diesel,"5,01,000"
Mahindra XUV500,Mahindra,2016,"72,000 kms",Diesel,"11,30,000"
Tata Indigo eCS VX CR4 BS IV,Tata,2014,"40,000 kms",Diesel,"2,50,000"
Tata Zest 90,Tata,/-Rs,,,Ask For Price
Mahindra Bolero SLE BS IV,Mahindra,2013,"80,200 kms",Diesel,"3,30,000"
Force Motors Force One LX ABS 7 STR,Force,2015,"3,200 kms",Diesel,"5,80,000"
Skoda Rapid Elegance 1.6 TDI CR MT,Skoda,2013,"48,000 kms",Diesel,"3,40,000"
Tata Vista Quadrajet VX,Tata,2011,"90,000 kms",Diesel,"1,20,000"
Maruti Suzuki Alto K10 VXi AT,Maruti,2015,"12,000 kms",Petrol,"2,65,000"
Maruti Suzuki SX4,Maruti,2012,"46,000 kms",Diesel,"2,65,000"
Maruti Suzuki Zen LXi BS III,Maruti,2003,"69,900 kms",Petrol,"85,000"
Mahindra Jeep CL550 MDI,Mahindra,2019,"0,000 kms",Diesel,"3,79,000"
Hyundai i10 Magna 1.2,Hyundai,2011,"45,000 kms",Petrol,"1,75,000"
Maruti Suzuki Alto 800,Maruti,2015,"5,000 kms",Petrol,"2,19,000"
Maruti Suzuki Swift Dzire Tour LDi,Maruti,2016,"1,66,000 kms",Diesel,"3,50,000"
Honda City ZX EXi,Honda,2008,"42,000 kms",Petrol,"1,49,000"
Mahindra Jeep CL550 MDI,Mahindra,2018,588 kms,Diesel,"3,85,000"
Mahindra Jeep MM 550 XDB,Mahindra,2006,122 kms,Diesel,"4,25,000"
Chevrolet Beat Diesel,Chevrolet,2017,"62,000 kms",Diesel,"1,50,000"
Honda City 1.5 S MT,Honda,2010,"70,000 kms",Petrol,"2,25,000"
Maruti Suzuki Swift Dzire car,Maruti,sale,,,"3,00,000"
Hyundai Verna 1.4 VTVT,Hyundai,2014,"36,000 kms",Petrol,"3,75,000"
Toyota Innova 2.5 E MS 7 STR BS IV,Toyota,2012,0 kms,Diesel,"7,70,000"
Maruti Suzuki Alto 800 Lxi,Maruti,2018,"24,000 kms",Petrol,Ask For Price
Maruti Suzuki Maruti 800 Std â€“ Befo,Maruti,1995,"55,000 kms",Petrol,"30,000"
Toyota Etios,Toyota,2011,"36,000 kms",Diesel,"2,75,000"
Volkswagen Polo,Volkswagen,2015,"38,000 kms",Diesel,"3,30,000"
Maruti Suzuki Swift,Maruti,2014,"55,000 kms",Diesel,"3,35,000"
Hyundai Elite i20 Asta 1.4 CRDI,Hyundai,2015,"20,000 kms",Diesel,"4,50,000"
Maruti Suzuki Swift Dzire VXi 1.2 BS IV,Maruti,2012,"40,000 kms",Petrol,"2,25,000"
Maruti Suzuki Swift Dzire Tour (Gat,Maruti,ara),,,"3,00,000"
Maruti Suzuki Versa DX2 8 SEATER BSIII,Maruti,2004,"50,000 kms",Petrol,"80,000"
Tata Indigo LX TDI BS III,Tata,2016,"1,04,000 kms",Diesel,"1,30,000"
Volkswagen Vento Konekt Diesel Highline,Volkswagen,2011,"65,000 kms",Diesel,"2,45,000"
Mercedes Benz C Class 200 CDI Classic,Mercedes,2002,"41,000 kms",Petrol,"3,99,000"
Maruti Suzuki Ertiga VDi,Maruti,2013,"90,000 kms",Diesel,"4,50,000"
URJE,URJENT,SELL,,,"1,80,000"
Honda City,Honda,2000,"80,000 kms",Petrol,"65,000"
Hyundai Santro Xing GLS,Hyundai,2006,"46,000 kms",Petrol,"75,000"
Maruti Suzuki Omni Limited Edition,Maruti,2001,"70,000 kms",Petrol,"70,000"
Hyundai Sonata Transform 2.4 GDi MT,Hyundai,2017,"36,469 kms",Diesel,"1,90,000"
Hyundai Elite i20 Sportz 1.2,Hyundai,2018,"7,800 kms",Petrol,"6,00,000"
Volkswagen Vento Konekt Diesel Highline,Volkswagen,2011,"65,000 kms",Diesel,"2,45,000"
Maruti Suzuki Alto 800 Lxi,Maruti,2017,"60,000 kms",Petrol,"2,40,000"
Maruti Suzuki Alto LXi BS III,Maruti,2011,"32,000 kms",Petrol,"1,55,000"
Honda Jazz S MT,Honda,2009,"24,695 kms",Petrol,"1,69,999"
Hyundai Grand i10 Sportz 1.2 Kappa VTVT,Hyundai,2017,"15,141 kms",Petrol,"4,50,000"
Maruti Suzuki Zen LXi BSII,Maruti,2001,"40,000 kms",Petrol,"40,000"
Mahindra Scorpio W Turbo 2.6DX 9 Seater,Mahindra,2012,"65,000 kms",Diesel,"1,65,000"
Swift Dzire Tour 27 Dec 2016 Regis,Swift,tion,,,"3,70,000"
Maruti Suzuki Alto K10 VXi,Maruti,2014,"22,000 kms",Petrol,"2,70,000"
Hyundai Grand i10 Asta 1.2 Kappa VTVT,Hyundai,2016,"59,910 kms",Diesel,"2,80,000"
Mahindra XUV500 W8,Mahindra,2012,"1,00,000 kms",Diesel,"5,60,000"
Hyundai Creta 1.6 SX Plus Petrol,Hyundai,2016,"25,000 kms",Petrol,"9,50,000"
Hyundai i20 Magna O 1.2,Hyundai,2013,"35,000 kms",Petrol,"3,10,000"
Renault Duster 85 PS RxL Explore LE,Renault,2015,"65,000 kms",Diesel,"7,15,000"
Hyundai Grand i10 Sportz 1.2 Kappa VTVT,Hyundai,2014,"35,000 kms",Petrol,"3,40,000"
Honda Brio V MT,Honda,2012,"33,000 kms",Petrol,"2,35,000"
Mahindra TUV300 T4 Plus,Mahindra,2017,"68,000 kms",Diesel,"6,10,000"
Chevrolet Spark LS 1.0,Chevrolet,2010,"23,000 kms",Petrol,"95,000"
Mahindra TUV300 T8,Mahindra,2018,"4,500 kms",Diesel,"10,00,000"
Maruti Suzuki Swift Dzire Tour LDi,Maruti,2015,"1,29,000 kms",Diesel,"2,20,000"
Nissan X Trail Select Variant,Nissan,2019,300 kms,Diesel,"12,00,000"
Maruti Suzuki Alto 800 Vxi,Maruti,2015,"5,000 kms",Petrol,"2,30,000"
Ford Ikon 1.3 CLXi NXt Finesse,Ford,2001,"65,000 kms",Petrol,"45,000"
Toyota Fortuner 3.0 4x4 MT,Toyota,2010,"1,31,000 kms",Diesel,"9,40,000"
Tata Manza ELAN Quadrajet,Tata,2010,"1,11,111 kms",Petrol,"1,55,555"
Tata zest x,Tata,odel,,,"3,20,000"
Mahindra xyl,Mahindra,2 bs,,,"3,50,000"
Mercedes Benz A Class A 180 Sport Petrol,Mercedes,2013,"14,000 kms",Petrol,"15,00,000"
Chevrolet Beat LS Diesel,Chevrolet,2016,"22,000 kms",Diesel,"2,10,000"
Ford EcoSport Trend 1.5L TDCi,Ford,2013,"38,000 kms",Diesel,"4,95,000"
Tata Indigo LS,Tata,2016,"70,000 kms",Diesel,"1,25,000"
Hyundai i20 Magna 1.2,Hyundai,2010,"36,000 kms",Petrol,"1,95,000"
Volkswagen Vento Highline Plus 1.5 Diesel AT,Volkswagen,2015,"34,000 kms",Diesel,"5,50,000"
Renault Kwid RXT,Renault,2015,"43,000 kms",Petrol,"2,70,000"
Used Commercial Maruti Omn,Used,arry,,,"1,50,000"
Ford EcoSport Titanium 1.5L TDCi,Ford,2014,"40,000 kms",Diesel,"5,00,000"
Honda Amaze 1.5 E i DTEC,Honda,2016,"1,60,000 kms",Diesel,"2,40,000"
Hyundai Verna 1.6 EX VTVT,Hyundai,2017,"12,000 kms",Petrol,"8,00,000"
BMW 5 Series 520d Sedan,BMW,2011,"49,000 kms",Diesel,"12,99,000"
Skoda Superb 1.8 TFSI AT,Skoda,2011,"68,000 kms",Petrol,"5,30,000"
Audi Q3 2.0 TDI quattro Premium,Audi,2013,"37,000 kms",Diesel,"14,99,000"
Mahindra Bolero DI BSII,Mahindra,2012,"59,466 kms",Diesel,"2,20,000"
Maruti Suzuki Zen Estilo LXI Green CNG,Maruti,2011,"16,000 kms",Petrol,Ask For Price
Mahindra Scorpio S10,Mahindra,2015,"97,200 kms",Diesel,"9,00,000"
Ford Figo Duratorq Diesel Titanium 1.4,Ford,2012,"99,000 kms",Diesel,"2,50,000"
Maruti Suzuki Wagon R VXI BS IV,Maruti,2018,"25,500 kms",Petrol,"3,95,000"
Mahindra Logan Diesel 1.5 DLS,Mahindra,2009,"66,000 kms",Petrol,"1,30,000"
Tata Nano GenX XMA,Tata,2010,"44,005 kms",Petrol,"32,000"
Mahindra TUV300 T4 Plus,Mahindra,2016,"35,000 kms",Diesel,"5,40,000"
Mahindra TUV300 T4 Plus,Mahindra,2016,"35,000 kms",Diesel,"5,40,000"
Hyundai Elite i20 Magna 1.2,Hyundai,2015,"28,000 kms",Petrol,"4,05,000"
Hyundai Elite i20 Magna 1.2,Hyundai,2015,"30,000 kms",Petrol,"4,00,000"
Honda City SV,Honda,2017,"4,000 kms",Petrol,"7,60,000"
Maruti Suzuki Baleno Delta 1.2,Maruti,2016,"28,000 kms",Petrol,"5,00,000"
Ford Figo Petrol LXI,Ford,2011,"75,000 kms",Petrol,"1,75,000"
Mahindra Scorpio S10,Mahindra,2015,"97,200 kms",Diesel,"9,00,000"
Honda City,Honda,2017,"3,000 kms",Petrol,"7,50,000"
Hyundai Elite i20 Magna 1.2,Hyundai,2015,"20,000 kms",Petrol,"4,19,000"
Maruti Suzuki Versa DX2 8 SEATER BSIII,Maruti,2004,"50,000 kms",Petrol,"90,000"
Hyundai Eon Era Plus,Hyundai,2018,"2,110 kms",Petrol,"1,40,000"
Mitsubishi Pajero Sport Limited Edition,Mitsubishi,2015,"43,222 kms",Petrol,"15,40,000"
Hyundai i10 Magna 1.2 Kappa2,Hyundai,2008,"1,00,200 kms",Petrol,"2,75,000"
Toyota Corolla H2,Toyota,2003,"1,00,000 kms",Petrol,"1,50,000"
Maruti Suzuki Swift Dzire Tour VXi,Maruti,2011,65 kms,Petrol,"2,30,000"
Tata Indigo CS eLS BS IV,Tata,2015,"1,00,000 kms",Diesel,"1,23,000"
Mahindra Scorpio S10,Mahindra,2015,"97,200 kms",Diesel,"9,00,000"
Mahindra Scorpio S10,Mahindra,2015,"97,200 kms",Diesel,"9,00,000"
Hyundai Xcent Base 1.1 CRDi,Hyundai,2016,"1,40,000 kms",Diesel,"3,00,000"
Honda City,Honda,2015,"55,000 kms",Petrol,"4,99,999"
Hyundai Accent Executive Edition,Hyundai,2009,"48,000 kms",Petrol,"1,65,000"
Maruti Suzuki Baleno Delta 1.2,Maruti,2016,"22,000 kms",Petrol,"4,98,000"
Tata Zest XE 75 PS Diesel,Tata,2018,"1,03,553 kms",Diesel,"4,80,000"
Maruti Suzuki Dzire LDI,Maruti,2017,"80,000 kms",Diesel,"4,88,000"
Tata Sumo Gold LX BS IV,Tata,2014,"99,000 kms",Diesel,"2,50,000"
Toyota Corolla Altis GL Petrol,Toyota,2010,"58,000 kms",Petrol,"2,20,000"
Maruti Suzuki Eeco 7 STR,Maruti,2013,"70,000 kms",LPG,"2,90,000"
Toyota Fortuner 3.0 4x2 MT,Toyota,2015,"1,20,000 kms",Diesel,"15,25,000"
Mahindra XUV500 W6,Mahindra,2013,"49,800 kms",Diesel,"5,48,900"
Tata Tigor Revotron XZ,Tata,2019,100 kms,Diesel,"6,50,000"
Maruti Suzuki 800,Maruti,2001,"81,876 kms",Petrol,"55,000"
Maruti Suzuki Ertiga Vxi,Maruti,2015,"75,000 kms",Petrol,"5,50,000"
Maruti Suzuki Versa DX2 8 SEATER BSIII,Maruti,2004,"50,000 kms",Petrol,"90,000"
Honda Mobilio S i DTEC,Honda,2014,"44,000 kms",Diesel,"3,99,000"
Maruti Suzuki Ertiga,Maruti,2016,"55,000 kms",Diesel,"7,30,000"
Maruti Suzuki Vitara Brezza,Maruti,2017,"36,000 kms",Diesel,"7,25,000"
Hyundai Verna 1.6 CRDI E,Hyundai,2016,"56,000 kms",Diesel,"1,95,000"
Maruti Suzuki Swift VXI BSIII,Maruti,2007,"62,000 kms",Petrol,"1,30,000"
Toyota Fortuner 3.0 4x2 MT,Toyota,2015,"1,20,000 kms",Diesel,"15,25,000"
Maruti Suzuki Omni Select Variant,Maruti,2014,"6,020 kms",Petrol,"1,90,000"
Honda Amaze,Honda,2013,"55,700 kms",Diesel,"2,50,000"
Tata Indica,Tata,2005,"42,000 kms",Petrol,"80,000"
Hyundai Santro Xing,Hyundai,2003,"50,000 kms",Petrol,"1,20,000"
Maruti Suzuki Zen Estilo,Maruti,2010,"35,000 kms",Petrol,"1,49,000"
Maruti Suzuki Wagon R LXI BS IV,Maruti,2014,"18,500 kms",Petrol,"2,50,000"
Maruti Suzuki Wagon R,Maruti,2007,"7,000 kms",Petrol,"1,20,000"
Honda Brio VX AT,Honda,2017,"11,000 kms",Petrol,"4,50,000"
Hyundai Xcent Base 1.1 CRDi,Hyundai,2015,"1,80,000 kms",Diesel,Ask For Price
Maruti Suzuki Zen LXi BSII,Maruti,2003,"53,000 kms",Petrol,"99,999"
Maruti Suzuki Zen Estilo LXI Green CNG,Maruti,2008,"23,000 kms",Petrol,"1,35,000"
Maruti Suzuki Wagon R Select Variant,Maruti,2016,"35,500 kms",Diesel,"2,25,000"
Maruti Suzuki Alto LXi BS III,Maruti,2010,"22,134 kms",Petrol,"99,000"
Renault Kwid RXT,Renault,2019,"1,000 kms",Petrol,"3,70,000"
Tata Nano Lx BSIV,Tata,2010,"9,000 kms",Petrol,"52,000"
Jaguar XE XE Portfolio,Jaguar,2016,"8,500 kms",Petrol,"28,00,000"
Hyundai Xcent S 1.2,Hyundai,2015,"35,000 kms",Petrol,Ask For Price
Hyundai Eon Magna Plus,Hyundai,2014,"35,000 kms",Petrol,"1,90,000"
Honda City 1.5 S MT,Honda,2014,"22,000 kms",Petrol,"4,99,000"
Hindustan Motors Ambassador,Hindustan,2002,"25,000 kms",Diesel,"90,000"
Maruti Suzuki Ritz GENUS VXI,Maruti,2010,"40,000 kms",Petrol,"1,49,000"
Hyundai Grand i10 Magna AT 1.2 Kappa VTVT,Hyundai,2017,"20,000 kms",Petrol,"4,00,000"
Hyundai Eon D Lite Plus,Hyundai,2016,"87,000 kms",Petrol,"1,20,000"
Maruti Suzuki Swift Dzire VXi 1.2 BS IV,Maruti,2015,"55,000 kms",Petrol,"2,50,000"
Maruti Suzuki Wagon R VXI BS IV,Maruti,2017,"23,000 kms",Petrol,"3,75,000"
Honda Amaze 1.2 VX i VTEC,Honda,2014,"6,000 kms",Petrol,"3,81,000"
Maruti Suzuki Estilo VXi ABS BS IV,Maruti,2013,"65,000 kms",Petrol,"1,80,000"
Maruti Suzuki Vitara Brezza LDi O,Maruti,2016,"25,000 kms",Diesel,"5,80,000"
Maruti Suzuki Eeco 5 STR WITH AC HTR,Maruti,2015,"39,000 kms",Petrol,"2,78,000"
Toyota Innova 2.0 V,Toyota,2009,"15,574 kms",Diesel,Ask For Price
Hyundai Creta 1.6 SX Plus Petrol AT,Hyundai,2016,"8,000 kms",Petrol,"10,00,000"
Mahindra Scorpio Vlx BSIV,Mahindra,2013,"75,000 kms",Diesel,"6,90,000"
Maruti Suzuki Ertiga VDi,Maruti,2012,"51,000 kms",Diesel,"4,80,000"
Mitsubishi Lancer 1.8 LXi,Mitsubishi,2006,"50,000 kms",Petrol,"85,000"
Maruti Suzuki Maruti 800 AC,Maruti,2001,"75,000 kms",Petrol,"40,000"
Maruti Suzuki Alto 800 LXI CNG O,Maruti,2015,"55,800 kms",Petrol,"90,000"
Hyundai Grand i10 Magna 1.2 Kappa VTVT,Hyundai,2015,"53,000 kms",Petrol,"3,40,000"
Hyundai Eon D Lite Plus,Hyundai,2018,"25,000 kms",Petrol,"2,60,000"
Ford Fiesta SXi 1.6 ABS,Ford,2009,"56,400 kms",Petrol,"2,50,000"
Maruti Suzuki Ritz VDi,Maruti,2010,"72,160 kms",Diesel,"1,80,000"
Hyundai Verna Fluidic New,Hyundai,2012,"10,000 kms",Diesel,"3,50,000"
Maruti Suzuki Wagon R LXi BS III,Maruti,2006,"48,000 kms",Petrol,"90,001"
Maruti Suzuki Estilo LX BS IV,Maruti,2007,"36,000 kms",Petrol,"1,15,000"
Audi A6 2.0 TDI Premium,Audi,2012,"11,500 kms",Diesel,"15,99,000"
Maruti Suzuki Wagon R LXi BS III,Maruti,2003,"1,33,000 kms",Petrol,"1,30,000"
Maruti Suzuki Wagon R,Maruti,2009,"27,000 kms",Petrol,"1,59,000"
Maruti Suzuki Wagon R,Maruti,2009,"35,000 kms",Petrol,"1,60,000"
Maruti Suzuki Alto,Maruti,2010,"55,000 kms",Petrol,"1,10,000"
Maruti Suzuki Baleno Sigma 1.2,Maruti,2016,"40,000 kms",Petrol,"4,25,000"
Hyundai Verna 1.6 SX VTVT AT,Hyundai,2019,"2,000 kms",Petrol,"9,00,000"
Maruti Suzuki Swift GLAM,Maruti,2009,"45,000 kms",Petrol,"1,50,000"
Hyundai Getz Prime 1.3 GVS,Hyundai,2009,"20,000 kms",Petrol,"1,10,000"
Hyundai Santro,Hyundai,2000,"88,000 kms",Petrol,"51,999"
Hyundai Getz Prime 1.3 GLX,Hyundai,2009,"20,000 kms",Petrol,"1,15,000"
Chevrolet Beat PS Diesel,Chevrolet,2012,"65,422 kms",Diesel,"2,15,000"
Ford EcoSport Trend 1.5 Ti VCT,Ford,2017,"10,000 kms",Petrol,"5,80,000"
Maruti Suzuki Dzire ZXI,Maruti,2013,"35,000 kms",Petrol,"3,80,000"
Hyundai Fluidic Verna 1.6 CRDi SX,Hyundai,2013,"1,17,000 kms",Diesel,"3,50,000"
Tata Indica V2 DLG,Tata,2005,"1,50,000 kms",Diesel,"35,000"
BMW X1 xDrive20d xLine,BMW,2011,"72,000 kms",Diesel,"11,50,000"
Hyundai i20 Asta 1.2,Hyundai,2010,"10,750 kms",Petrol,"3,00,000"
Honda City 1.5 V AT,Honda,2009,"55,000 kms",Petrol,"2,69,000"
Tata Nano,Tata,2013,"6,800 kms",Petrol,"60,000"
Chevrolet Cruze LTZ AT,Chevrolet,2014,"41,000 kms",Diesel,"4,00,000"
Hyundai Verna Fluidic New,Hyundai,2015,"73,000 kms",Diesel,"4,30,000"
Hyun,Hyundai,Eon,,,Ask For Price
Maruti Suzuki Swift Dzire VDi,Maruti,2011,"65,000 kms",Diesel,"1,40,000"
Mahindra XUV500 W6,Mahindra,2014,"45,000 kms",Diesel,"85,00,003"
Mahindra XUV500 W10,Mahindra,2018,"40,000 kms",Diesel,"12,99,000"
Maruti Suzuki Alto K10 LXi CNG,Maruti,2014,"37,000 kms",Petrol,"1,99,000"
Hyundai Accent GLE,Hyundai,2006,"55,000 kms",Petrol,"90,000"
Force Motors One SUV,Force,2013,"1,40,000 kms",Diesel,"5,50,000"
Datsun Go Plus T O,Datsun,2016,5 kms,Petrol,Ask For Price
Maruti Suzuki Alto,Maruti,2019,"9,800 kms",Petrol,"2,65,000"
Chevrolet Spark 1.0 LT,Chevrolet,2011,"27,000 kms",Petrol,"1,00,000"
Hyundai i10,Hyundai,2009,"27,000 kms",Petrol,"2,15,000"
Toyota Etios Liva GD,Toyota,2012,"20,000 kms",Diesel,"3,80,000"
Renault Duster 85PS Diesel RxL Optional with Nav,Renault,2013,"57,923 kms",Diesel,"4,01,919"
Chevrolet Enjoy,Chevrolet,2014,"30,201 kms",Diesel,"4,90,000"
Maruti Suzuki Alto 800 Lxi,Maruti,2017,"6,200 kms",Petrol,"2,80,000"
BMW 5 Series 530i,BMW,2009,"37,518 kms",Petrol,"6,50,000"
Toyota Etios Liva G,Toyota,2014,"24,652 kms",Petrol,"1,60,000"
Mahindra Jeep MM 550 XDB,Mahindra,2004,383 kms,Diesel,"4,24,000"
Chevrolet Beat LS Diesel,Chevrolet,2016,"95,000 kms",Diesel,"2,25,000"
Chevrolet Cruze LTZ,Chevrolet,2011,"35,000 kms",Diesel,"3,50,000"
Jeep Wrangler Unlimited 4x4 Diesel,Jeep,2015,"3,528 kms",Diesel,"9,50,000"
Maruti Suzuki Ertiga VDi,Maruti,2013,"52,500 kms",Diesel,"4,85,000"
Hyundai Verna VGT CRDi SX ABS,Hyundai,2010,"47,900 kms",Diesel,"2,05,000"
Maruti Suzuki Omni,Maruti,2012,"14,000 kms",Petrol,"1,60,000"
Maruti Suzuki Celerio VDi,Maruti,2018,"37,000 kms",Petrol,"3,10,000"
Tata Zest Quadrajet 1.3,Tata,2017,"90,000 kms",Diesel,"1,80,000"
Mahindra XUV500 W6,Mahindra,2013,"52,800 kms",Diesel,"5,49,900"
Tata Indigo CS eLX BS IV,Tata,2016,"1,04,000 kms",Diesel,"1,50,000"
Hyundai i10 Era,Hyundai,2011,"30,000 kms",Petrol,"1,75,000"
Tata Indigo eCS LX TDI BS III,Tata,2014,"1,95,000 kms",Diesel,"95,000"
Tata Indigo LX TDI BS III,Tata,2016,"1,04,000 kms",Diesel,"2,30,000"
Tata Indigo eCS LX CR4 BS IV,Tata,2016,"1,04,000 kms",Diesel,"2,30,000"
Tata Indigo Marina LS,Tata,2004,"70,000 kms",Diesel,"1,80,000"
Commercial Chevrolet Sail Hatchback ca,Commercial,o...,,,"2,25,000"
Hyundai Xcent SX 1.2,Hyundai,2015,"43,000 kms",Diesel,"4,00,000"
Hyundai Eon Magna Plus,Hyundai,2013,"23,000 kms",Petrol,"1,85,000"
Renault Duster 85 PS RxL Diesel,Renault,2015,"51,000 kms",Diesel,"3,85,000"
Maruti Suzuki Alto K10 LXi CNG,Maruti,2009,"62,000 kms",Petrol,"90,000"
Tata Nano LX Special Edition,Tata,2010,"48,008 kms",Petrol,"32,000"
Commercial Car Ta,Commercial,Zest,,,"3,71,500"
Renault Duster 110 PS RxZ Diesel,Renault,2013,"39,000 kms",Diesel,"4,35,000"
Maruti Suzuki Wagon R AX BSIV,Maruti,2010,"40,000 kms",Petrol,"2,25,000"
Maruti Suzuki Swift,Maruti,2006,"48,247 kms",Petrol,"1,89,700"
Maruti Suzuki Ertiga,Maruti,2012,"39,000 kms",Diesel,"3,89,700"
Maruti Suzuki Swift VXi 1.2 ABS BS IV,Maruti,2014,"23,000 kms",Petrol,"3,65,000"
Maruti Suzuki Alto K10 New,Maruti,2017,"9,400 kms",Petrol,"3,60,000"
Hyundai i20 Magna,Hyundai,2010,"50,000 kms",Petrol,"2,10,000"
Hyundai i10 Magna 1.2,Hyundai,2009,"75,000 kms",Petrol,"1,70,000"
tata Indica,tata,sale,,,"1,30,000"
Tata Zest XE 75 PS Diesel,Tata,2017,"70,000 kms",Diesel,"3,80,000"
Mahindra Xylo E8,Mahindra,2009,"64,000 kms",Diesel,"2,95,000"
Toyota Corolla Altis GL Petrol,Toyota,2010,"55,000 kms",Petrol,"1,85,000"
Tata Manza Aqua Quadrajet,Tata,2014,"2,00,000 kms",Diesel,"1,60,000"
Mahindra KUV100 K8 D 6 STR,Mahindra,2018,"7,500 kms",Diesel,Ask For Price
Used bt new conditions ta,Used,Zest,,,"2,55,000"
Renault Kwid 1.0,Renault,2018,"2,137 kms",Petrol,"2,90,000"
Sale tata,Sale,ture,,,"1,00,000"
Tata Venture EX 8 STR,Tata,2013,"30,000 kms",Diesel,"1,00,000"
Maruti Suzuki Swift Dzire Tour LXi,Maruti,2014,"44,000 kms",Petrol,"3,15,000"
Maruti Suzuki Alto LX BSII,Maruti,2002,"56,000 kms",Petrol,Ask For Price
Skoda Octavia Classic 1.9 TDI MT,Skoda,2006,"65,000 kms",Diesel,"1,14,990"
Maruti Suzuki Omni LPG BS IV,Maruti,2012,"1,60,000 kms",LPG,"1,20,000"
Chevrolet Beat Diesel,Chevrolet,2011,"56,000 kms",Diesel,"1,25,000"
Tata Sumo Gold EX BS IV,Tata,2012,"75,000 kms",Diesel,"2,10,000"
Tata indigo 2017 top model..,Tata,emi,,,"1,70,000"
Hyundai Verna 1.6 CRDI SX,Hyundai,2018,"42,000 kms",Diesel,"8,55,000"
Tata Sumo Gold EX BS IV,Tata,2012,"75,000 kms",Diesel,"2,10,000"
Mahindra Scorpio 2.6 CRDe,Mahindra,2007,"56,000 kms",Diesel,"2,60,000"
Maruti Suzuki Zen LXi BS III,Maruti,2002,"10,544 kms",Petrol,"95,000"
Maruti Suzuki Swift Dzire VXi 1.2 BS IV,Maruti,2011,"64,000 kms",Petrol,"2,55,000"
Mahindra Scorpio SLX 2.6 Turbo 8 Str,Mahindra,2008,"70,000 kms",Diesel,"3,00,000"
Hyundai Grand i10 Sportz 1.2 Kappa VTVT,Hyundai,2014,"25,000 kms",Petrol,"3,40,000"
Hyundai Elite i20 Sportz 1.2,Hyundai,2017,"15,000 kms",Petrol,"5,50,000"
Ford Ikon 1.6 Nxt,Ford,2003,"50,000 kms",Petrol,"60,000"
Hyundai Elite i20 Sportz 1.2,Hyundai,2015,"49,500 kms",Petrol,Ask For Price
Tata indigo,Tata,car,,,"1,50,000"
Toyota Innova 2.5 V 7 STR,Toyota,2011,"1,47,000 kms",Diesel,"7,50,000"
Nissan Sunny XL,Nissan,2011,"52,000 kms",Petrol,"2,30,000"
Chevrolet Beat LT Diesel,Chevrolet,2012,"90,001 kms",Diesel,"1,30,000"
Maruti Suzuki Alto 800 Lxi,Maruti,2017,"21,000 kms",Petrol,"2,70,000"
Maruti Suzuki Swift VDi BS IV,Maruti,2012,"48,006 kms",Diesel,"2,80,000"
Maruti Suzuki Swift VDi BS IV,Maruti,2012,"48,006 kms",Diesel,"2,80,000"
Maruti Suzuki Swift,Maruti,2012,"48,006 kms",Diesel,"2,80,000"
very good condition tata bolts are av,very,able,,,"2,00,000"
Toyota Innova 2.0 G4,Toyota,2012,"80,000 kms",Diesel,"6,00,000"
Sale Hyundai xcent commerc,Sale,no.,,,Ask For Price
Maruti Suzuki Swift VDi ABS,Maruti,2010,"74,000 kms",Diesel,"1,90,000"
Hyundai Elite i20 Asta 1.2,Hyundai,2015,"22,000 kms",Petrol,"5,00,000"
Mahindra XUV500 W10,Mahindra,2016,"41,000 kms",Diesel,"10,65,000"
Volkswagen Polo Trendline 1.5L D,Volkswagen,2015,"25,000 kms",Diesel,"3,50,000"
Toyota Etios Liva Diesel,Toyota,2012,"85,000 kms",Diesel,"3,50,000"
Mahindra TUV300 T4 Plus,Mahindra,2016,"29,500 kms",Diesel,"5,40,000"
Hyundai Elite i20 Asta 1.2,Hyundai,2015,"30,000 kms",Petrol,"4,70,000"
Hyundai Santro Xing GLS,Hyundai,2014,"57,000 kms",Petrol,"1,79,000"
Maruti Suzuki Zen LXi BS III,Maruti,2003,"60,000 kms",Petrol,"48,000"
Maruti Suzuki Ciaz ZXi Plus RS,Maruti,2016,"50,000 kms",Petrol,"6,50,000"
Hyundai Eon Era Plus,Hyundai,2013,"39,700 kms",Petrol,"1,90,000"
Hyundai Elantra 1.8 S,Hyundai,2012,"65,000 kms",Petrol,"5,00,000"
Maruti Suzuki Swift VDi,Maruti,2010,"67,000 kms",Diesel,"2,70,000"
Maruti Suzuki Zen Estilo LXI Green CNG,Maruti,2008,"46,000 kms",Petrol,"1,25,000"
Hyundai Eon Era Plus,Hyundai,2012,"38,000 kms",Petrol,"1,88,000"
Hyundai Grand i10 Magna 1.2 Kappa VTVT,Hyundai,2016,"27,000 kms",Petrol,"3,80,000"
Hyundai Verna Fluidic New,Hyundai,2011,"43,000 kms",Diesel,"3,65,000"
Ford EcoSport Trend 1.5L Ti VCT,Ford,2014,"47,000 kms",Petrol,"4,65,000"
Hyundai i20 Magna,Hyundai,2011,"42,000 kms",Petrol,"2,40,000"
Chevrolet Beat Diesel,Chevrolet,2016,"19,336 kms",Diesel,"1,79,999"
Tata Indica eV2 LS,Tata,2015,"60,105 kms",Diesel,"1,40,000"
Jaguar XF 2.2 Diesel Luxury,Jaguar,2013,"29,000 kms",Diesel,"21,90,000"
Audi Q5 2.0 TDI quattro Premium Plus,Audi,2014,"34,000 kms",Diesel,"23,90,000"
BMW 3 Series 320d Sedan,BMW,2011,"35,000 kms",Diesel,"10,75,000"
Maruti Suzuki Swift ZXi 1.2 BS IV,Maruti,2015,"22,000 kms",Petrol,"4,75,000"
BMW X1 sDrive20d,BMW,2012,"41,000 kms",Diesel,"10,25,000"
Maruti Suzuki S Cross Sigma 1.3,Maruti,2016,"21,000 kms",Diesel,"6,15,000"
Maruti Suzuki Ertiga LDi,Maruti,2013,"48,000 kms",Diesel,"4,75,000"
Maruti Suzuki Alto K10 VXi AMT,Maruti,2016,"38,000 kms",Petrol,"2,70,000"
Honda City SV,Honda,2014,"34,000 kms",Diesel,"4,75,000"
Volkswagen Vento Comfortline Petrol,Volkswagen,2011,"45,933 kms",Petrol,"2,40,000"
Honda City 1.5 EXi New,Honda,2005,"68,000 kms",Petrol,"1,20,000"
Audi A4 2.0 TDI 177bhp Premium,Audi,2016,"44,000 kms",Diesel,"19,00,000"
Mahindra KUV100,Mahindra,2017,"35,000 kms",Diesel,"3,60,000"
Tata Zest XE 75 PS Diesel,Tata,2018,"1,02,563 kms",Diesel,"4,50,000"
Mahindra XUV500 W8,Mahindra,2015,"28,600 kms",Diesel,"9,00,000"
Maruti Suzuki Swift Dzire Tour VDi,Maruti,2017,"41,800 kms",Diesel,"6,50,000"
Tata Sumo Gold LX BS IV,Tata,2014,"1,16,000 kms",Diesel,"2,75,000"
Maruti Suzuki Swift Dzire VXi 1.2 BS IV,Maruti,2009,"59,000 kms",Petrol,"2,10,000"
Mahindra Scorpio 2.6 SLX,Mahindra,2004,"58,000 kms",Diesel,"1,75,000"
Maruti Suzuki Omni 8 STR BS III,Maruti,2009,"45,000 kms",Petrol,"85,000"
Mitsubishi Pajero Sport Limited Edition,Mitsubishi,2015,"42,590 kms",Diesel,"14,90,000"
Renault Duster,Renault,2014,"7,400 kms",Diesel,"8,00,000"
Volkswagen Jetta Comfortline 1.9 TDI AT,Volkswagen,2009,"54,500 kms",Diesel,"4,50,000"
Maruti Suzuki Ertiga Vxi,Maruti,2012,"2,00,000 kms",Diesel,"10,00,000"
Audi A4 2.0 TDI 177bhp Premium,Audi,2013,"27,000 kms",Diesel,"15,10,000"
Volvo S80 Summum D4,Volvo,2015,"42,000 kms",Diesel,"18,50,000"
Toyota Corolla Altis VL AT Petrol,Toyota,2014,"29,000 kms",Petrol,"7,90,000"
Mitsubishi Pajero Sport 2.5 AT,Mitsubishi,2015,"37,000 kms",Diesel,"17,25,000"
Chevrolet Beat LT Petrol,Chevrolet,2012,"36,000 kms",Petrol,"1,35,000"
BMW X1,BMW,2011,"34,000 kms",Diesel,"10,00,000"
Datsun Redi GO S,Datsun,2018,"7,000 kms",Petrol,"2,99,999"
Mercedes Benz C Class C 220 CDI Avantgarde,Mercedes,2009,"76,000 kms",Diesel,"12,25,000"
Mahindra Scorpio SLX,Mahindra,2004,"60,000 kms",Diesel,"1,75,000"
Volkswagen Vento Comfortline Diesel,Volkswagen,2011,"95,000 kms",Diesel,"2,00,000"
Tata Indigo CS GLS,Tata,2017,"50,000 kms",Diesel,"2,70,000"
Ford Figo Petrol Titanium,Ford,2019,00 kms,Petrol,"5,25,000"
Honda City ZX GXi,Honda,2006,"50,000 kms",Petrol,"1,80,000"
Maruti Suzuki Wagon R Duo Lxi,Maruti,2008,"68,000 kms",Petrol,"1,40,000"
Ford EcoSport Trend 1.5L TDCi,Ford,2014,"16,000 kms",Petrol,"4,00,000"
Maruti Suzuki Swift Dzire VDi,Maruti,2016,"51,000 kms",Diesel,"4,99,000"
Maruti Suzuki Omni 8 STR BS III,Maruti,2009,"56,000 kms",Petrol,"85,000"
Maruti Suzuki Zen LX BSII,Maruti,2004,"1,00,000 kms",Petrol,"70,000"
Renault Duster RxL Petrol,Renault,2015,"36,000 kms",Petrol,"5,50,000"
Maruti Suzuki Swift VXi 1.2 BS IV,Maruti,2014,"11,523 kms",Petrol,"3,70,000"
Maruti Suzuki Baleno Zeta 1.2,Maruti,2018,"1,000 kms",Petrol,"6,90,000"
Honda WR V S MT Petrol,Honda,2009,"60,000 kms",Petrol,"2,50,000"
Tata Indigo CS eLX BS IV,Tata,2016,"85,000 kms",Diesel,"1,10,000"
Renault Duster 110 PS RxL Diesel,Renault,2013,"38,600 kms",Diesel,"4,90,000"
Mahindra Scorpio LX BS III,Mahindra,2009,"95,500 kms",Diesel,"3,20,000"
Maruti Suzuki Zen LXi BS III,Maruti,2004,"56,000 kms",Petrol,"68,000"
Maruti Suzuki Wagon R LXi BS III,Maruti,2014,"37,458 kms",Petrol,"1,30,000"
Maruti Suzuki SX4 Celebration Diesel,Maruti,2016,"85,960 kms",Diesel,"9,70,000"
Audi A3 Cabriolet 40 TFSI,Audi,2015,"12,516 kms",Petrol,"31,00,000"
Hyundai Eon D Lite Plus,Hyundai,2018,"35,000 kms",Petrol,"2,80,000"
Maruti Suzuki Zen Estilo LXI Green CNG,Maruti,2009,00 kms,Petrol,"1,25,000"
Mahindra Scorpio SLX,Mahindra,2008,"80,000 kms",Diesel,"2,85,000"
I want to sell my commercial car due t,I,o...,,,"4,75,000"
Hyundai Santro AE GLS Audio,Hyundai,2011,"45,000 kms",Petrol,"1,65,000"
i want sale my car.no emi....uber atta,i,d...,,,"3,20,000"
Maruti Suzuki Swift Dzire Tour VDi,Maruti,2009,"51,000 kms",Diesel,"2,50,000"
Mahindra Scorpio S4,Mahindra,2015,"30,000 kms",Diesel,"8,65,000"
Tata ZEST 6 month old,Tata,car,,,"3,70,000"
Mahindra Xylo D2 BS IV,Mahindra,2011,"48,000 kms",Diesel,"3,90,000"
Hyundai Santro,Hyundai,2003,"51,000 kms",Petrol,"60,000"
Chevrolet Beat LT Diesel,Chevrolet,2015,"90,000 kms",Diesel,"2,15,000"
Maruti Suzuki Swift Dzire VDi,Maruti,2015,"43,000 kms",Diesel,"4,75,000"
Mahindra XUV500 W8,Mahindra,2015,"53,000 kms",Diesel,"8,99,000"
Toyota Fortuner 3.0 4x4 MT,Toyota,2013,"97,000 kms",Diesel,"14,99,000"
Maruti Suzuki Alto K10 VXi,Maruti,2013,"20,000 kms",Petrol,"2,40,000"
Hyundai Getz GLE,Hyundai,2007,"55,000 kms",Petrol,"99,000"
Maruti Suzuki Swift Dzire Tour LDi,Maruti,2014,"1,20,000 kms",Diesel,"2,60,000"
Hyundai Creta 1.6 SX,Hyundai,2019,0 kms,Petrol,"12,00,000"
Hyundai Santro Xing XL AT eRLX Euro III,Hyundai,2007,"46,000 kms",Petrol,"1,15,000"
Hyundai Santro Xing XL eRLX Euro III,Hyundai,2009,"43,200 kms",Petrol,"88,000"
Mahindra Xylo D2 BS IV,Mahindra,2011,"56,000 kms",Diesel,"3,90,000"
Hyundai Santro Xing XL eRLX Euro III,Hyundai,2007,"42,000 kms",Petrol,"1,35,000"
Tata Indica V2 DLS BS III,Tata,2009,"30,600 kms",Diesel,"90,000"
Hyundai i10 Sportz 1.2,Hyundai,2011,"38,000 kms",Petrol,"2,20,000"
Hyundai Grand i10 Magna 1.2 Kappa VTVT,Hyundai,2017,"2,550 kms",Petrol,"4,24,999"
Hyundai Santro Xing XL AT eRLX Euro III,Hyundai,2007,"47,000 kms",Petrol,"1,35,000"
Honda City 1.5 E MT,Honda,2005,"41,000 kms",Petrol,"95,000"
Nissan Micra XL,Nissan,2017,"62,500 kms",Diesel,"4,30,000"
Honda City 1.5 S Inspire,Honda,2005,"68,000 kms",Petrol,"1,15,000"
Maruti Suzuki Alto 800 Lxi,Maruti,2015,"50,000 kms",Petrol,"2,15,000"
Maruti Suzuki Wagon R LX BS III,Maruti,2004,"69,000 kms",Petrol,"53,000"
Maruti Suzuki Ertiga VDi,Maruti,2012,"48,000 kms",Diesel,"5,00,000"
Tata Indica eV2 eXeta eGLX,Tata,2012,"55,000 kms",Diesel,"85,000"
Maruti Suzuki Omni E 8 STR BS IV,Maruti,2013,"25,000 kms",Petrol,"1,65,000"
Hyundai Eon Era Plus,Hyundai,2014,"28,400 kms",Petrol,"2,00,000"
Hyundai Eon,Hyundai,2014,"28,000 kms",Petrol,"2,00,000"
Maruti Suzuki Swift LDi,Maruti,2015,"42,000 kms",Diesel,"4,25,000"
MARUTI SUZUKI ERTIGA F,MARUTI,SALE,,,"6,50,000"
Hyundai Verna 1.6 CRDI SX Plus AT,Hyundai,2012,"29,000 kms",Diesel,"6,00,000"
Chevrolet Tavera LS B3 10 Seats BSII,Chevrolet,2005,"68,485 kms",Diesel,"1,30,000"
Tata Tiago Revotron XM,Tata,2018,"3,500 kms",Petrol,"4,30,000"
Tata Tiago Revotorq XZ,Tata,2019,0 kms,Petrol,"5,68,500"
Tata Nexon,Tata,2019,0 kms,Petrol,Ask For Price
Tata,Tata,digo,,,Ask For Price
Maruti Suzuki Zen LXi BS III,Maruti,2006,"32,000 kms",Petrol,"71,000"
Mahindra KUV100 K8 D 6 STR,Mahindra,2018,"8,000 kms",Diesel,"5,60,000"
Ford EcoSport Titanium 1.5 TDCi,Ford,2014,"34,000 kms",Diesel,"5,90,000"
Hindustan Motors Ambassador Classic Mark 4 â€“ Befo,Hindustan,1995,"37,000 kms",Petrol,"7,50,000"
Ford Fusion 1.4 TDCi Diesel,Ford,2007,"85,455 kms",Diesel,"1,25,000"
Hyundai Santro Xing XL AT eRLX Euro III,Hyundai,2007,"46,000 kms",Petrol,"1,35,000"
Hyundai Santro,Hyundai,2002,"47,000 kms",Petrol,"60,000"
Fiat Linea Emotion 1.4 L T Jet Petrol,Fiat,2009,"64,000 kms",Petrol,"1,20,000"
Ford Ikon 1.3 Flair Josh 100,Ford,2008,"46,000 kms",Petrol,"95,000"
Maruti Suzuki Omni E 8 STR BS IV,Maruti,2017,"8,000 kms",Petrol,"2,40,000"
Tata Indica V2 LS,Tata,2012,"64,000 kms",Diesel,"1,15,000"
Mahindra Scorpio S4,Mahindra,2015,"63,000 kms",Diesel,"7,95,000"
Hyundai Santro Xing XL eRLX Euro III,Hyundai,2007,"65,000 kms",Petrol,"55,000"
Mahindra Xylo D2,Mahindra,2009,"62,000 kms",Diesel,"3,00,000"
Hyundai Grand i10 Asta 1.2 Kappa VTVT,Hyundai,2014,"41,000 kms",Petrol,"3,20,000"
Maruti Suzuki Alto 800 Lxi,Maruti,2015,"14,000 kms",Petrol,"2,65,000"
Toyota Corolla,Toyota,2006,"40,000 kms",Petrol,"1,60,000"
Hyundai Eon Magna,Hyundai,2017,"1,600 kms",Petrol,"3,00,000"
Tata Sumo Grande MKII GX,Tata,2010,"90,000 kms",Diesel,"1,30,000"
Maruti Suzuki Swift VDi,Maruti,2011,"58,000 kms",Diesel,"2,50,000"
Volkswagen Polo Highline1.2L P,Volkswagen,2013,"27,000 kms",Petrol,"3,80,000"
Maruti Suzuki Alto 800 Lx,Maruti,2003,"60,000 kms",Petrol,"42,000"
Tata Tiago Revotron XZ,Tata,2017,"31,000 kms",Petrol,"4,00,000"
Maruti Suzuki Swift LDi,Maruti,2009,"90,000 kms",Diesel,"1,20,000"
Maruti Suzuki Swift VDi,Maruti,2009,"90,000 kms",Diesel,"1,20,000"
Tata Indigo eCS,Tata,2016,"1,50,000 kms",Diesel,"1,30,000"
Chevrolet Beat LS Diesel,Chevrolet,2014,"31,000 kms",Diesel,"1,89,000"
2012 Tata Sumo Gold f,2012,sell,,,"2,50,000"
Mahindra Xylo E8 BS IV,Mahindra,2011,"43,000 kms",Diesel,"3,65,000"
Hyundai Eon D Lite Plus,Hyundai,2013,"20,000 kms",Petrol,"1,70,000"
Well mentained Tata Sumo,Well,d Ex,,,"3,80,000"
all paper updated tata indica v2 and u,all,n...,,,"1,45,000"
Maruti Ertiga showroom condition with,Maruti,e...,,,"4,80,000"
7 SEATER MAHINDRA BOLERO IN VERY GOOD,7,D...,,,Ask For Price
9 SEATER MAHINDRA BOL,9,", Ac",,,Ask For Price
scratch less Tata I,scratch,go .,,,"1,40,000"
Maruti Suzuki swift dzire for sale in,Maruti,d...,,,"3,60,000"
Commercial Chevrolet beat for sale in,Commercial,k...,,,"1,80,000"
urgent sell my Mahindra qu,urgent,o c4,,,"3,50,000"
Tata Sumo Gold FX BSIII,Tata,2013,"1,00,000 kms",Petrol,"2,15,000"
sell my car Maruti Suzuki Swif,sell,zire,,,"3,00,000"
Maruti Suzuki Swift Dzire good car fo,Maruti,o...,,,"3,10,000"
Hyunda,Hyundai,cent,,,Ask For Price
Commercial Maruti Suzuki Alto Lxi 800,Commercial,...,,,Ask For Price
urgent sale Ta,urgent,Sumo,,,"2,20,000"
Maruti Suzuki Alto vxi t,Maruti,cab,,,"95,000"
tata,tata,t xe,,,Ask For Price
TATA INDI,TATA,EV2,,,"1,10,000"
Tata Nano,Tata,2013,"7,000 kms",Petrol,"60,000"
Hyundai Elite i20,Hyundai,2017,"31,000 kms",Petrol,"5,99,999"
Hyundai i10 Magna 1.2 Kappa2,Hyundai,2009,"33,000 kms",Petrol,"4,00,000"
Hyundai Creta,Hyundai,2016,"60,000 kms",Diesel,"9,00,000"
Volkswagen Polo,Volkswagen,2013,"48,000 kms",Diesel,"2,99,999"
Maruti Suzuki Dzire,Maruti,2014,"33,000 kms",Petrol,"3,74,999"
Tata Bolt XM Petrol,Tata,2015,"15,000 kms",Petrol,"6,00,000"
Maruti Suzuki Alto 800 Lx,Maruti,2005,"47,000 kms",Petrol,"70,000"
Maruti Suzuki Alto,Maruti,2005,"40,000 kms",Petrol,"1,00,000"
Hyundai Venue,Hyundai,2019,"7,000 kms",Diesel,Ask For Price
Maruti Suzuki Ritz,Maruti,2010,"38,000 kms",Diesel,"1,50,000"
Maruti Suzuki Alto 800 Lxi,Maruti,2017,"12,500 kms",Petrol,"2,25,000"
Maruti Suzuki Dzire,Maruti,2009,"42,000 kms",Petrol,"2,10,000"
Renault Lodgy,Renault,2016,"20,000 kms",Diesel,Ask For Price
Hyundai i20 Asta,Hyundai,2014,"31,000 kms",Petrol,"4,25,000"
Maruti Suzuki Swift Select Variant,Maruti,2008,"60,000 kms",Diesel,"1,62,000"
Tata Indica V2 DLX BS III,Tata,2005,"80,000 kms",Diesel,"60,000"
Mahindra Scorpio VLX 2.2 mHawk Airbag BSIV,Mahindra,2014,"77,000 kms",Diesel,"6,50,000"
Toyota Innova 2.5 E 8 STR,Toyota,2012,"75,000 kms",Diesel,"7,50,000"
Mahindra Xylo E8,Mahindra,2010,"40,000 kms",Diesel,"3,75,000"
Hyundai i20 Magna 1.2,Hyundai,2011,"47,000 kms",Petrol,"2,30,000"
Maruti Suzuki Omni,Maruti,2000,"60,000 kms",Petrol,"35,999"
Mahindra KUV100,Mahindra,2016,"26,500 kms",Petrol,"3,80,000"
Mahindra KUV100 K8 6 STR,Mahindra,2019,"2,875 kms",Petrol,"5,60,000"
Datsun Go Plus,Datsun,2016,"13,900 kms",Petrol,"2,85,000"
Ford Endeavor 4x4 Thunder Plus,Ford,2019,"9,000 kms",Diesel,"29,00,000"
Tata Indica V2,Tata,2005,"80,000 kms",Diesel,"39,999"
Hyundai Santro Xing GL,Hyundai,2006,"60,000 kms",Petrol,"85,000"
Maruti Suzuki Wagon R 1.0 VXi,Maruti,2016,"20,000 kms",Petrol,"3,95,000"
Maruti Suzuki Swift Select Variant,Maruti,2008,"58,000 kms",Diesel,"1,75,000"
Maruti Suzuki Alto 800 Lx,Maruti,2019,"1,500 kms",Petrol,"4,00,000"
Toyota Innova 2.5 Z Diesel 7 Seater,Toyota,2011,"75,000 kms",Diesel,"7,50,000"
Any type car avaiabel hare...comercica,Any,r...,,,"1,70,000"
Maruti Suzuki Alto 800,Maruti,2016,"2,450 kms",Petrol,"2,50,000"
Maruti Suzuki Alto AX,Maruti,2019,"1,625 kms",Petrol,"4,25,000"
Maruti Suzuki Alto 800 Lx,Maruti,2019,"1,500 kms",Petrol,Ask For Price
Volkswagen Polo Highline1.2L P,Volkswagen,2017,"45,000 kms",Petrol,"5,25,000"
Mahindra Logan,Mahindra,2009,"65,000 kms",Diesel,"1,30,000"
Maruti Suzuki 800 Std BS III,Maruti,2000,"33,400 kms",Petrol,"30,000"
Mahindra Scorpio,Mahindra,2011,"60,123 kms",Diesel,"4,75,000"
Chevrolet Sail 1.2 LS,Chevrolet,2013,"28,000 kms",Petrol,"3,00,000"
Volkswagen Vento Highline Plus 1.5 Diesel,Volkswagen,2015,"38,900 kms",Diesel,Ask For Price
Hyundai Santro AE GLS Audio,Hyundai,2003,"70,000 kms",Petrol,"60,000"
Maruti Suzuki Wagon R VXi Minor,Maruti,2006,"7,000 kms",Petrol,"1,00,000"
Hyundai Eon,Hyundai,2018,"25,000 kms",Petrol,"2,60,000"
Tata Manza,Tata,2015,"1,00,000 kms",Diesel,"1,00,000"
Toyota Innova 2.0 G1 Petrol 8seater,Toyota,2019,"4,000 kms",Petrol,Ask For Price
Toyota Etios G,Toyota,2013,"42,000 kms",Petrol,"2,65,000"
Hyundai Getz Prime 1.3 GLX,Hyundai,2009,"20,000 kms",Petrol,"1,15,000"
Toyota Qualis,Toyota,2003,"1,00,000 kms",Diesel,"1,80,000"
Hyundai Santro Xing,Hyundai,2004,"1,37,495 kms",Petrol,"45,000"
Tata Indica eV2 LS,Tata,2016,"91,200 kms",Diesel,"50,500"
Honda City 1.5 S MT,Honda,2009,"55,000 kms",Petrol,"2,70,000"
Tata Zest XE 75 PS Diesel,Tata,2017,"1,20,000 kms",Diesel,"2,90,000"
Mahindra Quanto C4,Mahindra,2013,"63,000 kms",Diesel,"3,25,000"
Tata Indigo eCS LX CR4 BS IV,Tata,2016,"1,04,000 kms",Diesel,"1,60,000"
Maruti Suzuki Swift Dzire,Maruti,2016,"1,46,000 kms",Diesel,"3,50,000"
Hyundai Elite i20,Hyundai,2011,"40,000 kms",Petrol,"2,90,000"
Hyundai i20 Select Variant,Hyundai,2011,"40,000 kms",Petrol,"2,90,000"
Chevrolet Tavera Neo,Chevrolet,2007,"1,00,800 kms",Diesel,"4,65,000"
Maruti Suzuki Dzire,Maruti,2016,"1,50,000 kms",Diesel,"3,25,000"
Hyundai Elite i20,Hyundai,2018,"2,100 kms",Petrol,"5,10,000"
Honda City VX Petrol,Honda,2016,"95,000 kms",Petrol,"8,60,000"
Maruti Suzuki Dzire,Maruti,2016,"2,500 kms",Diesel,"4,50,000"
Hyundai Getz,Hyundai,2006,"80,000 kms",Petrol,"1,25,000"
Mercedes Benz C Class 200 K MT,Mercedes,2006,"15,000 kms",Petrol,"5,00,001"
Maruti Suzuki Alto LXi BS III,Maruti,2005,"65,000 kms",Petrol,"95,000"
Maruti Suzuki Swift Dzire Tour VDi,Maruti,2009,"51,000 kms",Diesel,"2,50,000"
Skoda Fabia,Skoda,2009,"45,000 kms",Petrol,"1,10,000"
Maruti Suzuki Alto 800 Select Variant,Maruti,2015,"70,000 kms",Petrol,Ask For Price
Maruti Suzuki Ritz VXI ABS,Maruti,2011,"50,000 kms",Petrol,"2,70,000"
tata zest 2017 f,tata,sale,,,"4,50,000"
Tata Indica V2 DLE BS III,Tata,2009,"30,000 kms",Diesel,"1,10,000"
Toyota Corolla Altis,Toyota,2009,"1,32,000 kms",Petrol,"3,00,000"
Ta,Tara,zest,,,"3,10,000"
Tata Zest XM Diesel,Tata,2018,"27,000 kms",Diesel,"2,60,000"
Mahindra Quanto C8,Mahindra,2013,"40,000 kms",Diesel,"3,90,000"
Honda Amaze 1.2 E i VTEC,Honda,2014,Petrol,,"1,80,000"
Chevrolet Sail 1.2 LT ABS,Chevrolet,2014,Petrol,,"1,60,000"
